Company,Link,Company_Website
Citadel Investment Group,https://www.wallstreetoasis.com/company/citadel-investment-group,https://www.citadel.com/about-citadel/
D.E. Shaw,https://www.wallstreetoasis.com/company/de-shaw,http://www.deshaw.com
Two Sigma Investments,https://www.wallstreetoasis.com/company/two-sigma-investments,http://www.twosigma.com
Millennium Partners,https://www.wallstreetoasis.com/company/millennium-partners,https://www.mlp.com/
Och-Ziff Capital Management Group,https://www.wallstreetoasis.com/company/och-ziff-capital-management-group,https://www.sculptor.com/
Balyasny Asset Management,https://www.wallstreetoasis.com/company/balyasny-asset-management,http://www.bamfunds.com/
Oak Hill Advisors,https://www.wallstreetoasis.com/company/oak-hill-advisors,http://oakhilladvisors.com/
Highland Capital Management,https://www.wallstreetoasis.com/company/highland-capital-management,https://www.highlandcap.com/
Highbridge Capital Management,https://www.wallstreetoasis.com/company/highbridge-capital-management,https://www.highbridge.com/
GSO Capital Partners,https://www.wallstreetoasis.com/company/gso-capital-partners,http://www.blackstone.com/our-businesses/aam/credit-businesses-(gso)
Blue Mountain Capital,https://www.wallstreetoasis.com/company/blue-mountain-capital,https://www.bluemountaincapital.com
Permal Asset Management,https://www.wallstreetoasis.com/company/permal-asset-management,https://www.entrustglobal.com/
400 Capital Management LLC,https://www.wallstreetoasis.com/company/400-capital-management-llc,http://www.400capital.com
Farallon Capital Management,https://www.wallstreetoasis.com/company/farallon-capital-management,http://www.faralloncapital.com/farallon/
Pine River Capital Management,https://www.wallstreetoasis.com/company/pine-river-capital-management,https://pinerivercapital.com/
Sankaty Advisors,https://www.wallstreetoasis.com/company/sankaty-advisors,https://www.sankaty.com/
Novus Partners,https://www.wallstreetoasis.com/company/novus-partners,http://novus.com
Marathon Asset Management,https://www.wallstreetoasis.com/company/marathon-asset-management,http://www.marathonfund.com/
Ruane Cunniff & Goldfarb,https://www.wallstreetoasis.com/company/ruane-cunniff-goldfarb,http://www.sequoiafund.com
SkyBridge Capital II LLC,https://www.wallstreetoasis.com/company/skybridge-capital-ii-llc,http://skybridgecapital.com/
Kynikos Associates,https://www.wallstreetoasis.com/company/kynikos-associates,https://kynikos.com/
Goldmark Advisers,https://www.wallstreetoasis.com/company/goldmark-advisers,http://www.goldmarkadvisers.com/
Elliott Management Corporation,https://www.wallstreetoasis.com/company/elliott-management-corporation,http://www.elliottmgmt.com
Antarctica Asset Management,https://www.wallstreetoasis.com/company/antarctica-asset-management,http://www.antarcticaam.com/
Davidson Kempner Capital Management,https://www.wallstreetoasis.com/company/davidson-kempner-capital-management,https://www.davidsonkempner.com//
Asante Partners,https://www.wallstreetoasis.com/company/asante-partners,https://www.asantecapital.com/
MSD Capital,https://www.wallstreetoasis.com/company/msd-capital,http://msdcapital.com/
P. Schoenfeld Asset Management,https://www.wallstreetoasis.com/company/p-schoenfeld-asset-management,https://psam.com/
PDT Partners,https://www.wallstreetoasis.com/company/pdt-partners,https://www.pdtpartners.com/
Magnitude Capital LLC,https://www.wallstreetoasis.com/company/magnitude-capital-llc,http://www.magnitudecapital.com/
King Street Capital Management,https://www.wallstreetoasis.com/company/king-street-capital-management,http://www.kingstreet.com
Investcorp Investment Advisers,https://www.wallstreetoasis.com/company/investcorp-investment-advisers,https://www.investcorp.com/
The Rohatyn Group,https://www.wallstreetoasis.com/company/the-rohatyn-group,https://www.rohatyngroup.com/
Unicom Capital,https://www.wallstreetoasis.com/company/unicom-capital,http://www.unicomcapital.com/
Ambac,https://www.wallstreetoasis.com/company/ambac,http://www.ambac.com
Atalaya Capital Management,https://www.wallstreetoasis.com/company/atalaya-capital-management,http://www.atalayacap.com
Glazer Capital,https://www.wallstreetoasis.com/company/glazer-capital,http://www.glazercapital.com
Scopia Capital Management LLC,https://www.wallstreetoasis.com/company/scopia-capital-management-llc,http://www.scopiacapital.com/
Beach Point Capital Management,https://www.wallstreetoasis.com/company/beach-point-capital-management,http://beachpointcapital.com/
Chilton Investment Company,https://www.wallstreetoasis.com/company/chilton-investment-company,http://www.chiltonfunds.com
Harbert Management Corporation,https://www.wallstreetoasis.com/company/harbert-management-corporation,http://www.harbert.net/
Avenue Capital Group,https://www.wallstreetoasis.com/company/avenue-capital-group,http://www.avenuecapital.com/
Weiss Multi Strategy Advisors LLC,https://www.wallstreetoasis.com/company/weiss-multi-strategy-advisors-llc,https://www.gweiss.com/
New World Capital Group,https://www.wallstreetoasis.com/company/new-world-capital-group,http://www.newworldcapital.net
First Eagle Investment Management,https://www.wallstreetoasis.com/company/first-eagle-investment-management,http://www.firsteagleinstitutional.com
Cedarview Capital Management,https://www.wallstreetoasis.com/company/cedarview-capital-management,http://www.cedarviewcapital.com
Arden Asset Management,https://www.wallstreetoasis.com/company/arden-asset-management,http://www.ardenasset.com/
Rebellion Research,https://www.wallstreetoasis.com/company/rebellion-research,http://www.rebellionresearch.com
Gilder Gagnon Howe,https://www.wallstreetoasis.com/company/gilder-gagnon-howe,https://www.gghc.com/
Atlantic Investment Management,https://www.wallstreetoasis.com/company/atlantic-investment-management,http://www.atlanticinvestment.net
Corsair Capital Advisors,https://www.wallstreetoasis.com/company/corsair-capital-advisors,http://www.corsaircap.com
Spark Investment Management,https://www.wallstreetoasis.com/company/spark-investment-management,http://www.sparkamg.com
Brevet Capital Management,https://www.wallstreetoasis.com/company/brevet-capital-management,http://brevetcapital.com/
Element Capital Management,https://www.wallstreetoasis.com/company/element-capital-management,http://www.elementcapital.com
Olympia Capital Management,https://www.wallstreetoasis.com/company/olympia-capital-management,http://www.olympiagroup.com/ogc-en/index.php
Elliott Associates,https://www.wallstreetoasis.com/company/elliott-associates,http://www.elliottmgmt.com/
Allegiant Capital Corporation,https://www.wallstreetoasis.com/company/allegiant-capital-corporation,http://www.allegiantcapitalgroup.com/
Luminus Management,https://www.wallstreetoasis.com/company/luminus-management,http://www.luminusmgmt.com/
Asia Capital Group, Ltd.,https://www.wallstreetoasis.com/company/asia-capital-group-ltd,http://www.asiacap.net/
Lighthouse Partners,https://www.wallstreetoasis.com/company/lighthouse-partners,http://www.lighthousepartners.com/
Bennett Lawrence Management,https://www.wallstreetoasis.com/company/bennett-lawrence-management,http://www.bennettlawrence.com
Abel Noser,https://www.wallstreetoasis.com/company/abel-noser,http://abelnoser.com
Harbinger Group Inc,https://www.wallstreetoasis.com/company/harbinger-group-inc,http://www.harbingergroupinc.com
Artio Global Investors,https://www.wallstreetoasis.com/company/artio-global-investors,http://www.artioglobal.com
Sandell Asset Management,https://www.wallstreetoasis.com/company/sandell-asset-management,http://www.sandellmgmt.com
Visium Partners Advisory Group,https://www.wallstreetoasis.com/company/visium-partners-advisory-group,http://www.visiumpartners.com/
Asian Century Quest Capital,https://www.wallstreetoasis.com/company/asian-century-quest-capital,http://www.acqcap.com
Agamas Capital Management,https://www.wallstreetoasis.com/company/agamas-capital-management,http://www.agamascapital.com
Man Investments AG,https://www.wallstreetoasis.com/company/man-investments-ag,https://www.maninvestments.com/sites/us/ind-guest/index.html
Vega Asset Management,https://www.wallstreetoasis.com/company/vega-asset-management,http://vegaassetmanagement.org/
Mosaic Research Management,https://www.wallstreetoasis.com/company/mosaic-research-management,http://www.mosaicrm.com
Greenlight Capital,https://www.wallstreetoasis.com/company/greenlight-capital-0,https://www.greenlightcapital.com/
York Capital Management,https://www.wallstreetoasis.com/company/york-capital-management,http://www.yorkcapital.com/
Indus Capital Partners,https://www.wallstreetoasis.com/company/indus-capital-partners,http://www.induscap.com
Pershing Square Capital Management, L.P.,https://www.wallstreetoasis.com/company/pershing-square-capital-management-lp,https://www.pershingsquareholdings.com/
Lyrical Partners,https://www.wallstreetoasis.com/company/lyrical-partners,http://www.lyricalpartners.com
Trian Partners,https://www.wallstreetoasis.com/company/trian-partners,https://www.trianpartners.com/
Phoenix Investment Adviser,https://www.wallstreetoasis.com/company/phoenix-investment-adviser,http://phoenixinvadv.com/
Moon Capital Management,https://www.wallstreetoasis.com/company/moon-capital-management,http://mooncap.com
Blue Ridge Capital Holdings LLC,https://www.wallstreetoasis.com/company/blue-ridge-capital-holdings-llc,https://www.wallstreetoasis.com/n/a
Formula Growth,https://www.wallstreetoasis.com/company/formula-growth,http://www.formulagrowth.ca
HigdonBraddockMatthews,https://www.wallstreetoasis.com/company/higdonbraddockmatthews,http://www.hbm-llc.com
Krensavage Asset Management LLC,https://www.wallstreetoasis.com/company/krensavage-asset-management-llc,http://krensavage.com/
Andrew Garrett Inc,https://www.wallstreetoasis.com/company/andrew-garrett-inc,http://www.andrewgarrett.com/index.php
Fulcrum Asset Management,https://www.wallstreetoasis.com/company/fulcrum-asset-management,http://www.fulcrumasset.com
Kerrisdale Capital Management,https://www.wallstreetoasis.com/company/kerrisdale-capital-management,http://www.kerrisdalecap.com
Brencourt Advisors,https://www.wallstreetoasis.com/company/brencourt-advisors,http://www.brencourt.com
Crescendo Partners,https://www.wallstreetoasis.com/company/crescendo-partners,http://www.crescentbaycapital.com
Arlon Group,https://www.wallstreetoasis.com/company/arlon-group,http://www.arlongroup.com/
Clarium Capital,https://www.wallstreetoasis.com/company/clarium-capital,https://www.clarium.com/
Light Sky Macro,https://www.wallstreetoasis.com/company/light-sky-macro,http://www.lightskymacro.com
Brigade Capital Management,https://www.wallstreetoasis.com/company/brigade-capital-management,http://www.brigadecapital.com
West Side Advisors,https://www.wallstreetoasis.com/company/west-side-advisors,http://wsadv.com/
HedgeCo LLC,https://www.wallstreetoasis.com/company/hedgeco-llc,http://www.hedgeco.net
EPFC Group,https://www.wallstreetoasis.com/company/epfc-group,http://epfc.group
TongYang Securities,https://www.wallstreetoasis.com/company/tongyang-securities,http://www.tys.co.kr
Alden Global Capital Limited,https://www.wallstreetoasis.com/company/alden-global-capital-limited,http://www.aldenglobal.com
LR Global Partners LLC,https://www.wallstreetoasis.com/company/lr-global-partners-llc,http://www.lrglobal.com
Guggenheim Partners,https://www.wallstreetoasis.com/company/guggenheim-partners,http://www.guggenheimpartners.com/
Blackstone Group,https://www.wallstreetoasis.com/company/blackstone-group,http://www.blackstone.com
AllianceBernstein,https://www.wallstreetoasis.com/company/alliancebernstein,http://www.alliancebernstein.com
1861 Capital,https://www.wallstreetoasis.com/company/1861-capital,http://www.1861capital.com
Oaktree Capital Management,https://www.wallstreetoasis.com/company/oaktree-capital-management,http://www.oaktreecapital.com/default.aspx?AspxAutoDetectCookieSupport=1
Ares Management,https://www.wallstreetoasis.com/company/ares-management,http://www.aresmgmt.com
LGT Capital Partners,https://www.wallstreetoasis.com/company/lgt-capital-partners,http://www.lgt-capital-partners.com/en/index.html
B. Riley & Co.,https://www.wallstreetoasis.com/company/b-riley-co,http://brileyco.com
Investec Asset Management,https://www.wallstreetoasis.com/company/investec-asset-management,http://www.investecassetmanagement.com/
Angelo Gordon & Co,https://www.wallstreetoasis.com/company/angelo-gordon-co,http://angelogordon.com/
Cohen & Steers Capital Management,https://www.wallstreetoasis.com/company/cohen-steers-capital-management,http://www.cohenandsteers.com
Platinum Equity,https://www.wallstreetoasis.com/company/platinum-equity,http://www.platinumequity.com/
Rothstein Kass,https://www.wallstreetoasis.com/company/rothstein-kass,http://www.rkco.com/
Third Point LLC,https://www.wallstreetoasis.com/company/third-point-llc,http://www.thirdpoint.com/
KBW Asset Management,https://www.wallstreetoasis.com/company/kbw-asset-management,http://www.kbw.com
Advent Capital Management,https://www.wallstreetoasis.com/company/advent-capital-management,http://www.adventcap.com
Gordon Brothers,https://www.wallstreetoasis.com/company/gordon-brothers,http://www.gordonbrothers.com/
Argonaut Capital Management,https://www.wallstreetoasis.com/company/argonaut-capital-management,http://argonautcap.com/
Michael Page,https://www.wallstreetoasis.com/company/michael-page,http://www.michaelpage.com
Broadreach Group,https://www.wallstreetoasis.com/company/broadreach-group,http://broadreachgrp.com/
Zweig DiMenna Associates,https://www.wallstreetoasis.com/company/zweig-dimenna-associates,http://www.zweig-dimenna.com
Golden Archer Investments,https://www.wallstreetoasis.com/company/golden-archer-investments,http://goldenarcherinvestments.com
PCS Research Services,https://www.wallstreetoasis.com/company/pcs-research-services,http://www.pcsresearchservices.com/
HG Vora Capital Management,https://www.wallstreetoasis.com/company/hg-vora-capital-management,http://www.hgvoracapital.com/
KBC Alternative Investment Management Ltd,https://www.wallstreetoasis.com/company/kbc-alternative-investment-management-ltd,http://www.kbcaim.com/
UBP Asset Management,https://www.wallstreetoasis.com/company/ubp-asset-management,http://www.ubpam.com
Steadfast Financial,https://www.wallstreetoasis.com/company/steadfast-financial,http://www.steadfast.com/
Ahab Capital Management,https://www.wallstreetoasis.com/company/ahab-capital-management,http://www.ahabcap.com
Glocap Search,https://www.wallstreetoasis.com/company/glocap-search,http://www.glocap.com
Abernathy Financial Services,https://www.wallstreetoasis.com/company/abernathy-financial-services,http://www.abernathyfinancial.com
Access International Advisors,https://www.wallstreetoasis.com/company/access-international-advisors,http://www.argentfunds.com
SG Partners,https://www.wallstreetoasis.com/company/sg-partners,http://sgpartners.com/
Apache Capital Management,https://www.wallstreetoasis.com/company/apache-capital-management,http://apachecapital.com
Options Group,https://www.wallstreetoasis.com/company/options-group,http://optionsgroup.com
JANA Partners,https://www.wallstreetoasis.com/company/jana-partners,http://www.janapartners.com
BHR Capital,https://www.wallstreetoasis.com/company/bhr-capital,http://www.bhrcap.com
Dynamic Credit Partners,https://www.wallstreetoasis.com/company/dynamic-credit-partners,http://www.dynamiccredit.com
Russell Reynolds Associates,https://www.wallstreetoasis.com/company/russell-reynolds-associates,http://www.russellreynolds.com
Steel Partners,https://www.wallstreetoasis.com/company/steel-partners,http://www.steelpartners.com/
Greylock Capital Management,https://www.wallstreetoasis.com/company/greylock-capital-management,http://www.greylockcapital.com
Mason Capital Management LLC,https://www.wallstreetoasis.com/company/mason-capital-management-llc,http://www.masoncapital.com/index.html
JBGlobal,https://www.wallstreetoasis.com/company/jbglobal,http://www.jbglobal.com
Safra Group,https://www.wallstreetoasis.com/company/safra-group,http://www.safra.com.br
Mission Staffing,https://www.wallstreetoasis.com/company/mission-staffing,http://www.missionstaffing.com
Cape One Financial,https://www.wallstreetoasis.com/company/cape-one-financial,http://www.capeonefinancial.com
Hamlin Capital Management,https://www.wallstreetoasis.com/company/hamlin-capital-management,http://www.hamlincm.com
Compass Group,https://www.wallstreetoasis.com/company/compass-group,http://www.compassny.com
Paulson & Co,https://www.wallstreetoasis.com/company/paulson-co,http://www.paulsonco.com
International Market Recruiters,https://www.wallstreetoasis.com/company/international-market-recruiters,http://goimr.com
Arcoda Capital Management,https://www.wallstreetoasis.com/company/arcoda-capital-management,http://www.arcodacapital.com/
Shenkman Capital Management Inc,https://www.wallstreetoasis.com/company/shenkman-capital-management-inc,https://www.shenkmancapital.com/
ExecuSearch Group,https://www.wallstreetoasis.com/company/execusearch-group,http://www.execu-search.com
Aetos Capital,https://www.wallstreetoasis.com/company/aetos-capital,http://www.aetoscapital.com/
Arena Capital Management,https://www.wallstreetoasis.com/company/arena-capital-management,http://www.arenacap.com
C.E. Unterberg Towbin,https://www.wallstreetoasis.com/company/ce-unterberg-towbin-0,http://www.unterberg.com
JSB Partners,https://www.wallstreetoasis.com/company/jsb-partners-0,http://www.jsbpartners.com
Parker Clark Executive Recruitment,https://www.wallstreetoasis.com/company/parker-clark-executive-recruitment,http://parkerclarkexec.com
Shenkman Capital Management Inc,https://www.wallstreetoasis.com/company/shenkman-capital-management-inc,https://www.shenkmancapital.com/
Arcoda Capital Management,https://www.wallstreetoasis.com/company/arcoda-capital-management,http://www.arcodacapital.com/
ExecuSearch Group,https://www.wallstreetoasis.com/company/execusearch-group,http://www.execu-search.com
Aetos Capital,https://www.wallstreetoasis.com/company/aetos-capital,http://www.aetoscapital.com/
Arena Capital Management,https://www.wallstreetoasis.com/company/arena-capital-management,http://www.arenacap.com
C.E. Unterberg Towbin,https://www.wallstreetoasis.com/company/ce-unterberg-towbin-0,http://www.unterberg.com
Atticus Capital,https://www.wallstreetoasis.com/company/atticus-capital,http://www.atticuscapital.com/
JSB Partners,https://www.wallstreetoasis.com/company/jsb-partners-0,http://www.jsbpartners.com
International Asset Management Ltd,https://www.wallstreetoasis.com/company/international-asset-management-ltd,http://www.iam.uk.com/
SearchOne Advisors,https://www.wallstreetoasis.com/company/searchone-advisors,http://search1.com
Alcentra Avila,https://www.wallstreetoasis.com/company/alcentra-avila,http://www.alcentra.com
Ingalls & Snyder,https://www.wallstreetoasis.com/company/ingalls-snyder,http://www.ingalls.net
CQS,https://www.wallstreetoasis.com/company/cqs,http://www.cqs.ch
Armory Advisors,https://www.wallstreetoasis.com/company/armory-advisors,http://www.armoryfunds.com
Firebird Management,https://www.wallstreetoasis.com/company/firebird-management,http://www.fbird.com
PrimeShares World Markets,https://www.wallstreetoasis.com/company/primeshares-world-markets,http://www.primeshares.com/home/
Zooz Capital Management,https://www.wallstreetoasis.com/company/zooz-capital-management,http://www.zoozcapital.com
Smith Hanley,https://www.wallstreetoasis.com/company/smith-hanley,http://www.smithhanley.com
Kinetics Advisers,https://www.wallstreetoasis.com/company/kinetics-advisers,http://www.horizonkinetics.com
Briarwood Capital Management,https://www.wallstreetoasis.com/company/briarwood-capital-management,http://www.briarwoodcapital.com
Oxbridge Group,https://www.wallstreetoasis.com/company/oxbridge-group,http://www.oxbridgegroup.com
Global Securities Advisors,https://www.wallstreetoasis.com/company/global-securities-advisors,http://www.gsadvisors.net
Colchester Global Investors,https://www.wallstreetoasis.com/company/colchester-global-investors,http://www.colchesterglobal.com
Belmont Investments,https://www.wallstreetoasis.com/company/belmont-investments,http://www.belmontinvestments.com/
Horiko Capital Management,https://www.wallstreetoasis.com/company/horiko-capital-management,http://www.horikocapital.com
Arrow Capital Management LLC,https://www.wallstreetoasis.com/company/arrow-capital-management-llc,http://arrowcapmgmt.com
Greenlight Capital,https://www.wallstreetoasis.com/company/greenlight-capital,https://www.greenlightcapital.com/
BlackShark Capital,https://www.wallstreetoasis.com/company/blackshark-capital,http://www.blacksharkcapital.com
Capital Standard,https://www.wallstreetoasis.com/company/capital-standard,http://www.capstandard.com
Corbin Capital Partners,https://www.wallstreetoasis.com/company/corbin-capital-partners,http://www.corbincapital.com/
Alexandra Investment Management,https://www.wallstreetoasis.com/company/alexandra-investment-management,http://www.alexandra.net
The Weatherly Group,https://www.wallstreetoasis.com/company/the-weatherly-group,http://twgco.com/
D.B. Zwirn,https://www.wallstreetoasis.com/company/db-zwirn,http://www.dbzco.com
International Investment Group LLC,https://www.wallstreetoasis.com/company/international-investment-group-llc,http://www.iigh.com
Balestra Capital,https://www.wallstreetoasis.com/company/balestra-capital,http://www.balestracapital.com/
Belstar Management Company,https://www.wallstreetoasis.com/company/belstar-management-company,http://www.belstargroup.com
XT Capital Partners LLC,https://www.wallstreetoasis.com/company/xt-capital-partners-llc,http://www.xtcapital.com/
Zephyr Management,https://www.wallstreetoasis.com/company/zephyr-management,http://zephyrmanagement.com
EIM Group,https://www.wallstreetoasis.com/company/eim-group,http://www.eimgroup.com
Apis Capital Advisors,https://www.wallstreetoasis.com/company/apis-capital-advisors,http://www.apiscapital.com/
Gottex Fund Management.,https://www.wallstreetoasis.com/company/gottex-fund-management,https://www.gottexfunds.com/
Open Systems Technologies,https://www.wallstreetoasis.com/company/open-systems-technologies,http://www.opensystemstech.com
Emancipation Capital,https://www.wallstreetoasis.com/company/emancipation-capital,http://www.emancipationcapital.com
Wall Street Options,https://www.wallstreetoasis.com/company/wall-street-options,http://wsollc.com
Ospraie Management,https://www.wallstreetoasis.com/company/ospraie-management,http://www.ospraie.com/
Ader Investment Management,https://www.wallstreetoasis.com/company/ader-investment-management,http://www.aderinv.com
SAIL Capital,https://www.wallstreetoasis.com/company/sail-capital,http://www.sailcapital.com/
WSA Advanced Strategies LLC,https://www.wallstreetoasis.com/company/wsa-advanced-strategies-llc,http://www.advancedstrategiesii.com
Open Field Capital,https://www.wallstreetoasis.com/company/open-field-capital,http://www.ofcap.com/
Caravel Management,https://www.wallstreetoasis.com/company/caravel-management,http://www.caravelfund.com
Bonita Capital Management, LLC,https://www.wallstreetoasis.com/company/bonita-capital-management-llc,http://www.bonitacapital.com/
Auda Advisor Associates,https://www.wallstreetoasis.com/company/auda-advisor-associates,http://www.auda.com/
Alkeon Capital Management,https://www.wallstreetoasis.com/company/alkeon-capital-management,http://www.alkeoncapital.com
Davis Capital Management,https://www.wallstreetoasis.com/company/davis-capital-management,http://daviscapitalmanagement.com
IJC Partners,https://www.wallstreetoasis.com/company/ijc-partners,http://www.ijcpartners.com
Bali Asset Management,https://www.wallstreetoasis.com/company/bali-asset-management,http://www.balifunds.com
Kane Street Capital Management,https://www.wallstreetoasis.com/company/kane-street-capital-management,http://www.kanestreetcapital.com
Bennett Asset Management,https://www.wallstreetoasis.com/company/bennett-asset-management,http://www.bamnyc.net
Centrecourt Asset Management,https://www.wallstreetoasis.com/company/centrecourt-asset-management,http://www.centrecourtam.com
Stone Tower Capital,https://www.wallstreetoasis.com/company/stone-tower-capital,http://www.stonetowercapital.com/
Harbinger Capital Partners,https://www.wallstreetoasis.com/company/harbinger-capital-partners,http://www.harbingercapital.com
Apogee Asset Management,https://www.wallstreetoasis.com/company/apogee-asset-management,http://www.apogeehedge.com
Libra Fund LP,https://www.wallstreetoasis.com/company/libra-fund-lp,http://www.libraadvisors.com/secure/registration/R_Privacy_Policy.html
Digital Century,https://www.wallstreetoasis.com/company/digital-century,http://www.digital-century.com
EMF Financial Products,https://www.wallstreetoasis.com/company/emf-financial-products,http://www.emffp.com
Kingdon Capital Management,https://www.wallstreetoasis.com/company/kingdon-capital-management,http://www.kingdon.com
Brigadier Capital Management,https://www.wallstreetoasis.com/company/brigadier-capital-management,http://www.cohenandcompany.com
Seminole Management Company,https://www.wallstreetoasis.com/company/seminole-management-company,http://www.seminolecapital.com/
ComVest Capital Advisors,https://www.wallstreetoasis.com/company/comvest-capital-advisors,http://www.comvest.com
Caldwell Partners International,https://www.wallstreetoasis.com/company/caldwell-partners-international,http://www.caldwellpartners.com/
Horton Point Capital Management,https://www.wallstreetoasis.com/company/horton-point-capital-management,http://www.hortonpoint.com
Fore Research & Management,https://www.wallstreetoasis.com/company/fore-research-management,http://www.foreadvisors.com
Park Place Capital,https://www.wallstreetoasis.com/company/park-place-capital,http://www.parkplace.net/
Carlin Asset Management,https://www.wallstreetoasis.com/company/carlin-asset-management,http://www.carlingroup.com
Jadeite Capital Investment Advisors,https://www.wallstreetoasis.com/company/jadeite-capital-investment-advisors,http://www.jadeitecapital.com
The Archstone Partnerships,https://www.wallstreetoasis.com/company/the-archstone-partnerships,https://www.archstonepartners.com/index.cfm
Charter Management,https://www.wallstreetoasis.com/company/charter-management,http://www.charter-management.com
Endevon Capital,https://www.wallstreetoasis.com/company/endevon-capital,http://www.endevon.com/
PerTrac Financial Solutions,https://www.wallstreetoasis.com/company/pertrac-financial-solutions,http://www.pertrac.com/pertrac-analytics-risk-and-crm-software-for-hedge-fund-investors-and-managers/
Aquamarine Capital Management,https://www.wallstreetoasis.com/company/aquamarine-capital-management,http://www.aquamarinefund.com/
Double Alpha Group,https://www.wallstreetoasis.com/company/double-alpha-group,http://www.doublealpha.com
Quest Organization,https://www.wallstreetoasis.com/company/quest-organization,http://www.questorg.com/
Kingsview Management,https://www.wallstreetoasis.com/company/kingsview-management,http://www.kingsviewmanagement.com
Corbin Capital Management,https://www.wallstreetoasis.com/company/corbin-capital-management,http://www.corbincapital.com/home.html
Newton Capital Partners,https://www.wallstreetoasis.com/company/newton-capital-partners,http://www.newtoncapital.net
Concordia Advisors,https://www.wallstreetoasis.com/company/concordia-advisors,http://www.concordiafunds.com
David Barrett Partners,https://www.wallstreetoasis.com/company/david-barrett-partners,http://www.davidbarrettpartners.com/
SR Capital Partners,https://www.wallstreetoasis.com/company/sr-capital-partners,http://www.srcapitalpartners.com/
Stone Tower Capital,https://www.wallstreetoasis.com/company/stone-tower-capital,http://www.stonetowercapital.com/
Harbinger Capital Partners,https://www.wallstreetoasis.com/company/harbinger-capital-partners,http://www.harbingercapital.com
Apogee Asset Management,https://www.wallstreetoasis.com/company/apogee-asset-management,http://www.apogeehedge.com
Libra Fund LP,https://www.wallstreetoasis.com/company/libra-fund-lp,http://www.libraadvisors.com/secure/registration/R_Privacy_Policy.html
Digital Century,https://www.wallstreetoasis.com/company/digital-century,http://www.digital-century.com
Kane Street Capital Management,https://www.wallstreetoasis.com/company/kane-street-capital-management,http://www.kanestreetcapital.com
Bennett Asset Management,https://www.wallstreetoasis.com/company/bennett-asset-management,http://www.bamnyc.net
Centrecourt Asset Management,https://www.wallstreetoasis.com/company/centrecourt-asset-management,http://www.centrecourtam.com
ComVest Capital Advisors,https://www.wallstreetoasis.com/company/comvest-capital-advisors,http://www.comvest.com
Caldwell Partners International,https://www.wallstreetoasis.com/company/caldwell-partners-international,http://www.caldwellpartners.com/
Horton Point Capital Management,https://www.wallstreetoasis.com/company/horton-point-capital-management,http://www.hortonpoint.com
EMF Financial Products,https://www.wallstreetoasis.com/company/emf-financial-products,http://www.emffp.com
Kingdon Capital Management,https://www.wallstreetoasis.com/company/kingdon-capital-management,http://www.kingdon.com
Brigadier Capital Management,https://www.wallstreetoasis.com/company/brigadier-capital-management,http://www.cohenandcompany.com
Seminole Management Company,https://www.wallstreetoasis.com/company/seminole-management-company,http://www.seminolecapital.com/
Jadeite Capital Investment Advisors,https://www.wallstreetoasis.com/company/jadeite-capital-investment-advisors,http://www.jadeitecapital.com
Fore Research & Management,https://www.wallstreetoasis.com/company/fore-research-management,http://www.foreadvisors.com
Park Place Capital,https://www.wallstreetoasis.com/company/park-place-capital,http://www.parkplace.net/
Carlin Asset Management,https://www.wallstreetoasis.com/company/carlin-asset-management,http://www.carlingroup.com
Endevon Capital,https://www.wallstreetoasis.com/company/endevon-capital,http://www.endevon.com/
PerTrac Financial Solutions,https://www.wallstreetoasis.com/company/pertrac-financial-solutions,http://www.pertrac.com/pertrac-analytics-risk-and-crm-software-for-hedge-fund-investors-and-managers/
Aquamarine Capital Management,https://www.wallstreetoasis.com/company/aquamarine-capital-management,http://www.aquamarinefund.com/
Double Alpha Group,https://www.wallstreetoasis.com/company/double-alpha-group,http://www.doublealpha.com
Quest Organization,https://www.wallstreetoasis.com/company/quest-organization,http://www.questorg.com/
The Archstone Partnerships,https://www.wallstreetoasis.com/company/the-archstone-partnerships,https://www.archstonepartners.com/index.cfm
Charter Management,https://www.wallstreetoasis.com/company/charter-management,http://www.charter-management.com
Concordia Advisors,https://www.wallstreetoasis.com/company/concordia-advisors,http://www.concordiafunds.com
David Barrett Partners,https://www.wallstreetoasis.com/company/david-barrett-partners,http://www.davidbarrettpartners.com/
SR Capital Partners,https://www.wallstreetoasis.com/company/sr-capital-partners,http://www.srcapitalpartners.com/
Kingsview Management,https://www.wallstreetoasis.com/company/kingsview-management,http://www.kingsviewmanagement.com
Corbin Capital Management,https://www.wallstreetoasis.com/company/corbin-capital-management,http://www.corbincapital.com/home.html
Newton Capital Partners,https://www.wallstreetoasis.com/company/newton-capital-partners,http://www.newtoncapital.net
Alphabet Management,https://www.wallstreetoasis.com/company/alphabet-management,http://www.alphabetfunds.com
Deltec Asset Management,https://www.wallstreetoasis.com/company/deltec-asset-management,http://www.deltec-ny.com
Intuition Financial Placement,https://www.wallstreetoasis.com/company/intuition-financial-placement,http://intuitionfp.com/
Barington Capital Group,https://www.wallstreetoasis.com/company/barington-capital-group,http://www.barington.com/
Vision Opportunity Capital,https://www.wallstreetoasis.com/company/vision-opportunity-capital,http://visicap.com
Forum Asset Management,https://www.wallstreetoasis.com/company/forum-asset-management,http://www.forumhedge.com
The Abernathy Group II,https://www.wallstreetoasis.com/company/the-abernathy-group-ii,http://www.abbygroup.com/home/HFvision.html
Carret Asset Management,https://www.wallstreetoasis.com/company/carret-asset-management,http://www.carret.com
Goldstein Capital Corp,https://www.wallstreetoasis.com/company/goldstein-capital-corp,http://www.goldsteincapital.com
Haven Advisors,https://www.wallstreetoasis.com/company/haven-advisors,http://www.havenspartners.com
Drake Capital Management,https://www.wallstreetoasis.com/company/drake-capital-management,https://www.wallstreetoasis.com/info%40drakemanagement.com
Ramax Search,https://www.wallstreetoasis.com/company/ramax-search,http://www.ramaxsearch.com/
Kawaller & Company,https://www.wallstreetoasis.com/company/kawaller-company,http://www.kawaller.com
Conquest Capital Group,https://www.wallstreetoasis.com/company/conquest-capital-group,http://www.conquestcg.com
Dynamics Associates,https://www.wallstreetoasis.com/company/dynamics-associates,http://www.dynamicsny.com/
Hudson Capital Group,https://www.wallstreetoasis.com/company/hudson-capital-group,http://www.hudsoncapitalgroup.com
Empire Futures Group,https://www.wallstreetoasis.com/company/empire-futures-group,http://www.empirefutures.com
KLS Diversified,https://www.wallstreetoasis.com/company/kls-diversified,http://www.klsdiversified.com
Broadmark Asset Management,https://www.wallstreetoasis.com/company/broadmark-asset-management,http://www.broadmarkasset.com
AM Investment Partners,https://www.wallstreetoasis.com/company/am-investment-partners,http://amip.com/
Dentonia Park Capital Management,https://www.wallstreetoasis.com/company/dentonia-park-capital-management,http://www.dentoniapark.com
Isaacson Search Company,https://www.wallstreetoasis.com/company/isaacson-search-company,http://isaacson.com
Javelin Partners,https://www.wallstreetoasis.com/company/javelin-partners,http://www.javelinpartners.com
FSI Group,https://www.wallstreetoasis.com/company/fsi-group,http://www.finstocks.com
Brookside Capital,https://www.wallstreetoasis.com/company/brookside-capital,https://www.brooksidefund.com/
Carter Road,https://www.wallstreetoasis.com/company/carter-road,http://www.carterrd.com
Healthcare Value Capital,https://www.wallstreetoasis.com/company/healthcare-value-capital,http://www.hcvaluecap.com
Duncan Capital Partners,https://www.wallstreetoasis.com/company/duncan-capital-partners,http://www.duncancapital.net
Risk Talent Associates,https://www.wallstreetoasis.com/company/risk-talent-associates,http://www.risktalent.com/
Kazazian Asset Management,https://www.wallstreetoasis.com/company/kazazian-asset-management,http://kazaziancapital.com
Bigger Capital,https://www.wallstreetoasis.com/company/bigger-capital,http://www.biggercapital.com
Spring Mountain Capital,https://www.wallstreetoasis.com/company/spring-mountain-capital,http://www.springmountaincapital.com/
Nirvana Solutions,https://www.wallstreetoasis.com/company/nirvana-solutions,http://www.nirvanasolutions.com
Christofferson Robb & Company,https://www.wallstreetoasis.com/company/christofferson-robb-company,http://www.christoffersonrobb.com
Constellation Capital Management,https://www.wallstreetoasis.com/company/constellation-capital-management,http://www.constellationcapital.com
Tandem Global Partners,https://www.wallstreetoasis.com/company/tandem-global-partners,http://www.tandemglobalpartners.com/
MD Sass,https://www.wallstreetoasis.com/company/md-sass,http://www.mdsass.com
Far Hills Group,https://www.wallstreetoasis.com/company/far-hills-group,http://www.farhills.com
Graham & Dodd Value Fund,https://www.wallstreetoasis.com/company/graham-dodd-value-fund,http://www.grahamdoddfund.com
Jamesbeck Global Partners,https://www.wallstreetoasis.com/company/jamesbeck-global-partners,http://www.jamesbeck.com/
Spring Hill Capital Partners,https://www.wallstreetoasis.com/company/spring-hill-capital-partners,http://www.springhillcapital.com/
Basswood Capital Management,https://www.wallstreetoasis.com/company/basswood-capital-management,http://www.basswoodpartners.com/
Armistice Capital,https://www.wallstreetoasis.com/company/armistice-capital,http://www.armisticecapital.com/
FX Concepts,https://www.wallstreetoasis.com/company/fx-concepts,http://www.fx-concepts.com
VN Capital,https://www.wallstreetoasis.com/company/vn-capital,http://www.vncapital.net/
Twin Capital Management,https://www.wallstreetoasis.com/company/twin-capital-management,http://www.twincap.com
Heritage Capital Management,https://www.wallstreetoasis.com/company/heritage-capital-management,http://www.hcifund.com
Bladex Asset Management,https://www.wallstreetoasis.com/company/bladex-asset-management,http://www.bladexassetmanagement.com
Kingdon Capital,https://www.wallstreetoasis.com/company/kingdon-capital,http://www.kingdon.com/
Sire Management Corporation,https://www.wallstreetoasis.com/company/sire-management-corporation,http://www.siremgmt.com/
Claughton Capital LLC,https://www.wallstreetoasis.com/company/claughton-capital-llc,http://www.claughton.com
Caxton Associates LP,https://www.wallstreetoasis.com/company/caxton-associates-lp,https://www.caxton.com/
LibreMax Capital,https://www.wallstreetoasis.com/company/libremax-capital,http://www.libremax.com
Ancile Capital Management,https://www.wallstreetoasis.com/company/ancile-capital-management,http://www.ancilecapital.com
Mercury Partners,https://www.wallstreetoasis.com/company/mercury-partners,http://www.mercurypartner.com
Battenkill Asset Management,https://www.wallstreetoasis.com/company/battenkill-asset-management,http://www.battenkillmgmt.com
Ganesha Capital,https://www.wallstreetoasis.com/company/ganesha-capital,http://ganeshacapital.com
Tyler Capital Group,https://www.wallstreetoasis.com/company/tyler-capital-group,http://www.tylercap.com/
Sousou Partners,https://www.wallstreetoasis.com/company/sousou-partners,http://sousoupartners.com
Aristarc Capital,https://www.wallstreetoasis.com/company/aristarc-capital,http://aricap.com/
Eddystone Capital,https://www.wallstreetoasis.com/company/eddystone-capital,http://www.eddystonecapital.com
Kelvingrove Partners,https://www.wallstreetoasis.com/company/kelvingrove-partners,http://www.kelvingrove.com
Candlewood Investment Group,https://www.wallstreetoasis.com/company/candlewood-investment-group,http://www.candlewoodgroup.com
Touradji Capital Management,https://www.wallstreetoasis.com/company/touradji-capital-management,http://www.touradji.com/
DiMaio Ahmad Capital,https://www.wallstreetoasis.com/company/dimaio-ahmad-capital,http://dacapitalfunds.com/
Cramer Rosenthal McGlynn,https://www.wallstreetoasis.com/company/cramer-rosenthal-mcglynn,http://www.crmllc.com
Green Key Resources,https://www.wallstreetoasis.com/company/green-key-resources,http://www.greenkeyllc.com
Axel Capital Management,https://www.wallstreetoasis.com/company/axel-capital-management,http://www.axelcapital.com
Exis Capital Management,https://www.wallstreetoasis.com/company/exis-capital-management,http://www.exiscapital.com
Kerrisdale Capital,https://www.wallstreetoasis.com/company/kerrisdale-capital,http://kerrisdalecap.com/
Prosiris Capital Management,https://www.wallstreetoasis.com/company/prosiris-capital-management,http://www.hedgeweek.com/2011/05/26/116481/investcorp-and-prosiris-form-strategic-partnership
Norfolk Markets,https://www.wallstreetoasis.com/company/norfolk-markets,http://www.norfolkmkts.com
Catalpa Capital Advisors,https://www.wallstreetoasis.com/company/catalpa-capital-advisors,http://www.catalpacapital.com
Group G Capital Partners,https://www.wallstreetoasis.com/company/group-g-capital-partners,http://www.groupgcapital.com
Balestra Capital Partners LP,https://www.wallstreetoasis.com/company/balestra-capital-partners-lp,http://balestracapital.com/
Dialectic Capital Management,https://www.wallstreetoasis.com/company/dialectic-capital-management,http://www.dialecticcapital.com
Bay Harbour Management,https://www.wallstreetoasis.com/company/bay-harbour-management,http://www.bayharbour.com
GLG Ore Hill,https://www.wallstreetoasis.com/company/glg-ore-hill,http://www.orehill.com
Oracle of Investing,https://www.wallstreetoasis.com/company/oracle-of-investing,http://www.hedgefundoracle.com
Hildene Capital Management,https://www.wallstreetoasis.com/company/hildene-capital-management,http://www.hildenecap.com
Aristos Capital Management,https://www.wallstreetoasis.com/company/aristos-capital-management,http://www.aristosllc.com
Dyess & Company,https://www.wallstreetoasis.com/company/dyess-company,http://www.dyessco.com
Brahma Management,https://www.wallstreetoasis.com/company/brahma-management,http://www.brahmamgmt.com/
Cantillon Capital Management,https://www.wallstreetoasis.com/company/cantillon-capital-management,http://www.cantillon.com
Liongate Capital Management,https://www.wallstreetoasis.com/company/liongate-capital-management,http://www.liongatecapital.com/
Harvest Volatility Management,https://www.wallstreetoasis.com/company/harvest-volatility-management,http://harvestvolatilitymanagement.com/
Credit Renaissance Partners,https://www.wallstreetoasis.com/company/credit-renaissance-partners,http://www.creditrenaissance.com
Ingleside Investors,https://www.wallstreetoasis.com/company/ingleside-investors,http://www.inglesidellc.com
Weston Capital,https://www.wallstreetoasis.com/company/weston-capital,https://www.westoncapital.com/
CDK Investment Management,https://www.wallstreetoasis.com/company/cdk-investment-management,http://www.cdkgroup.com
Gruss Asset Management,https://www.wallstreetoasis.com/company/gruss-asset-management,http://www.gruss.com
Ansbacher Investment Management,https://www.wallstreetoasis.com/company/ansbacher-investment-management,http://www.ansbacherusa.com/
DIAM Asset Management,https://www.wallstreetoasis.com/company/diam-asset-management,http://www.diamusa.com
Joho Capital,https://www.wallstreetoasis.com/company/joho-capital,http://www.jwh.com
Bedford Investment Group,https://www.wallstreetoasis.com/company/bedford-investment-group,http://www.bedinv.com/
Gates Capital Management,https://www.wallstreetoasis.com/company/gates-capital-management,http://www.gatescap.com
Global Credit Advisers,https://www.wallstreetoasis.com/company/global-credit-advisers,http://www.globalcreditadvisers.com
Act II Capital LLC,https://www.wallstreetoasis.com/company/act-ii-capital-llc,http://www.actiipartners.com
Coleman and Company,https://www.wallstreetoasis.com/company/coleman-and-company,http://colemancompany.net/
Hite Capital Management,https://www.wallstreetoasis.com/company/hite-capital-management,http://www.isam.com/
Sinon Group,https://www.wallstreetoasis.com/company/sinon-group,http://www.sinongroup.com/sg/index.cfm
